,Id,SalePrice
0,1461,197718.52
1,1462,175168.81
2,1463,221714.39
3,1464,168654.17
4,1465,302762.75
5,1466,161413.75
6,1467,280425.16
7,1468,198799.48
8,1469,127783.54
9,1470,128670.16
10,1471,328239.34
11,1472,126318.734
12,1473,262015.1
13,1474,155759.5
14,1475,128080.5
15,1476,147897.84
16,1477,117342.03
17,1478,153206.1
18,1479,129606.29
19,1480,330822.47
20,1481,110888.1
21,1482,217874.12
22,1483,149465.9
23,1484,155481.7
24,1485,244785.73
25,1486,141340.22
26,1487,285474.28
27,1488,194251.75
28,1489,78600.58
29,1490,79407.695
30,1491,135279.61
31,1492,195649.25
32,1493,161185.89
33,1494,267515.4
34,1495,294628.0
35,1496,167043.72
36,1497,151323.8
37,1498,124462.945
38,1499,151885.9
39,1500,166201.23
40,1501,146520.17
41,1502,145455.39
42,1503,130385.03
43,1504,263232.62
44,1505,253475.47
45,1506,247748.56
46,1507,131968.31
47,1508,166027.92
48,1509,125988.94
49,1510,100399.484
50,1511,134908.42
51,1512,178102.25
52,1513,190706.19
53,1514,191074.78
54,1515,123604.74
55,1516,172181.84
56,1517,105322.32
57,1518,220653.0
58,1519,129532.24
59,1520,215274.5
60,1521,297818.62
61,1522,235329.8
62,1523,92609.21
63,1524,198697.25
64,1525,245258.84
65,1526,129738.76
66,1527,201448.84
67,1528,143615.22
68,1529,120599.45
69,1530,121890.23
70,1531,119896.8
71,1532,125112.9
72,1533,204582.97
73,1534,209148.11
74,1535,223320.05
75,1536,126621.6
76,1537,175524.1
77,1538,240838.73
78,1539,183169.55
79,1540,175810.83
80,1541,110866.11
81,1542,131663.7
82,1543,153757.73
83,1544,193675.72
84,1545,204651.94
85,1546,226837.6
86,1547,127978.05
87,1548,88558.305
88,1549,201579.75
89,1550,185815.16
90,1551,107101.52
91,1552,191497.75
92,1553,160717.36
93,1554,254437.05
94,1555,92656.85
95,1556,113164.83
96,1557,210282.39
97,1558,135413.14
98,1559,182457.61
99,1560,217897.61
100,1561,154554.28
101,1562,126814.555
102,1563,158848.73
103,1564,176313.55
104,1565,105458.54
105,1566,137502.98
106,1567,170876.86
107,1568,179012.5
108,1569,153205.58
109,1570,160591.03
110,1571,156621.06
111,1572,203513.05
112,1573,214045.14
113,1574,134623.42
114,1575,206757.28
115,1576,169515.23
116,1577,185701.8
117,1578,138212.53
118,1579,191256.31
119,1580,245629.27
120,1581,207132.14
121,1582,246048.62
122,1583,133246.92
123,1584,226642.66
124,1585,134839.31
125,1586,167939.5
126,1587,104405.93
127,1588,216674.88
128,1589,116677.59
129,1590,135020.69
130,1591,187661.31
131,1592,193699.94
132,1593,95316.34
133,1594,94814.375
134,1595,260588.17
135,1596,243733.19
136,1597,300321.62
137,1598,161202.39
138,1599,223781.94
139,1600,135367.17
140,1601,191380.03
141,1602,324090.94
142,1603,199586.3
143,1604,256760.25
144,1605,117632.58
145,1606,222944.0
146,1607,159186.98
147,1608,197088.77
148,1609,190720.9
149,1610,211500.56
150,1611,174013.53
151,1612,100873.19
152,1613,155922.0
153,1614,145391.34
154,1615,124258.78
155,1616,174086.61
156,1617,132531.84
157,1618,176615.56
158,1619,127700.59
159,1620,166112.64
160,1621,248737.0
161,1622,262275.06
162,1623,202680.53
163,1624,168458.08
164,1625,130021.305
165,1626,155354.86
166,1627,295661.1
167,1628,288476.1
168,1629,148223.67
169,1630,161524.84
170,1631,117436.71
171,1632,175616.22
172,1633,110933.414
173,1634,184112.86
174,1635,151708.0
175,1636,142542.78
176,1637,229871.42
177,1638,149630.8
178,1639,173489.98
179,1640,229616.22
180,1641,160024.34
181,1642,155734.03
182,1643,144299.42
183,1644,198702.84
184,1645,96381.164
185,1646,192890.95
186,1647,199558.23
187,1648,201712.42
188,1649,172685.77
189,1650,120221.93
190,1651,114393.87
191,1652,271898.1
192,1653,103512.34
193,1654,122924.29
194,1655,206850.98
195,1656,138541.25
196,1657,112522.95
197,1658,142221.98
198,1659,205797.64
199,1660,111372.75
200,1661,211140.23
201,1662,189152.1
202,1663,276276.12
203,1664,119095.27
204,1665,244434.9
205,1666,91041.945
206,1667,130885.82
207,1668,202005.95
208,1669,205124.88
209,1670,147674.69
210,1671,185656.83
211,1672,241463.6
212,1673,173458.0
213,1674,183496.25
214,1675,136577.75
215,1676,225066.69
216,1677,195623.4
217,1678,226173.2
218,1679,223088.48
219,1680,92116.52
220,1681,158600.56
221,1682,269628.1
222,1683,165410.7
223,1684,124124.55
224,1685,79540.97
225,1686,185478.14
226,1687,200302.28
227,1688,183599.98
228,1689,138580.3
229,1690,163868.47
230,1691,277734.88
231,1692,150806.61
232,1693,133737.94
233,1694,214825.3
234,1695,191323.03
235,1696,130704.36
236,1697,200572.86
237,1698,210869.5
238,1699,213433.12
239,1700,198791.77
240,1701,238379.5
241,1702,170056.06
242,1703,152307.69
243,1704,168017.39
244,1705,114953.77
245,1706,131849.77
246,1707,239723.56
247,1708,150204.08
248,1709,234393.45
249,1710,164860.92
250,1711,141715.4
251,1712,136056.4
252,1713,242484.52
253,1714,186044.0
254,1715,148963.14
255,1716,245473.33
256,1717,222586.77
257,1718,139635.42
258,1719,282779.4
259,1720,217446.05
260,1721,111396.695
261,1722,340438.3
262,1723,179383.77
263,1724,136256.06
264,1725,176513.0
265,1726,190640.16
266,1727,259681.34
267,1728,241930.08
268,1729,210633.16
269,1730,324345.9
270,1731,324430.62
271,1732,266927.38
272,1733,131485.12
273,1734,84811.14
274,1735,235982.17
275,1736,148042.9
276,1737,180891.31
277,1738,96185.82
278,1739,141039.95
279,1740,126765.75
280,1741,219219.17
281,1742,206629.81
282,1743,222477.56
283,1744,195917.86
284,1745,128051.87
285,1746,200906.25
286,1747,87690.71
287,1748,90261.164
288,1749,267187.94
289,1750,104425.58
290,1751,127606.37
291,1752,140365.58
292,1753,163812.84
293,1754,180675.0
294,1755,248737.88
295,1756,181876.06
296,1757,106806.13
297,1758,129889.1
298,1759,147826.23
299,1760,190535.7
300,1761,168357.44
301,1762,144580.83
302,1763,128734.9
303,1764,256216.66
304,1765,162501.67
305,1766,113036.67
306,1767,178960.31
307,1768,123872.89
308,1769,188038.55
309,1770,126757.94
310,1771,184739.11
311,1772,176658.69
312,1773,147872.33
313,1774,175284.56
314,1775,182344.45
315,1776,125765.55
316,1777,126177.16
317,1778,123789.88
318,1779,198498.98
319,1780,159043.02
320,1781,261115.88
321,1782,186518.64
322,1783,130313.58
323,1784,224818.31
324,1785,200007.75
325,1786,80055.35
326,1787,198794.95
327,1788,150909.16
328,1789,192426.73
329,1790,126219.12
330,1791,211426.2
331,1792,109560.22
332,1793,106753.1
333,1794,134434.25
334,1795,149944.0
335,1796,163937.17
336,1797,201009.11
337,1798,206115.72
338,1799,194540.23
339,1800,116437.23
340,1801,241546.6
341,1802,158060.62
342,1803,159298.45
343,1804,111602.21
344,1805,159130.75
345,1806,223019.0
346,1807,302604.44
347,1808,85509.7
348,1809,248849.12
349,1810,113472.25
350,1811,279078.72
351,1812,201227.64
352,1813,169432.77
353,1814,103935.11
354,1815,134917.03
355,1816,212231.88
356,1817,197194.23
357,1818,293335.9
358,1819,141711.4
359,1820,136306.53
360,1821,240992.89
361,1822,116156.7
362,1823,200366.95
363,1824,175193.19
364,1825,108538.54
365,1826,130983.18
366,1827,179097.4
367,1828,233074.64
368,1829,110318.71
369,1830,116554.44
370,1831,96387.086
371,1832,154857.94
372,1833,145090.67
373,1834,200289.81
374,1835,208725.7
375,1836,143221.75
376,1837,197030.98
377,1838,212322.0
378,1839,130235.35
379,1840,125186.375
380,1841,100786.54
381,1842,213098.53
382,1843,184693.1
383,1844,161136.55
384,1845,172587.31
385,1846,100033.266
386,1847,136457.64
387,1848,118542.734
388,1849,218274.52
389,1850,113476.89
390,1851,173883.77
391,1852,204249.1
392,1853,173630.9
393,1854,156749.98
394,1855,242308.52
395,1856,191244.36
396,1857,191151.81
397,1858,180068.83
398,1859,206363.81
399,1860,135806.11
400,1861,221771.22
401,1862,284540.12
402,1863,107544.805
403,1864,325936.16
404,1865,177698.2
405,1866,175106.94
406,1867,126148.51
407,1868,144247.78
408,1869,138742.75
409,1870,184411.7
410,1871,132917.28
411,1872,131004.664
412,1873,180214.88
413,1874,128266.2
414,1875,93945.57
415,1876,158872.6
416,1877,142664.75
417,1878,126865.61
418,1879,112491.2
419,1880,193303.72
420,1881,134383.0
421,1882,211671.9
422,1883,147642.22
423,1884,116033.44
424,1885,224802.52
425,1886,196844.22
426,1887,130472.945
427,1888,182211.52
428,1889,213337.39
429,1890,125643.15
430,1891,144963.05
431,1892,87547.42
432,1893,171321.39
433,1894,249887.9
434,1895,187741.86
435,1896,144498.42
436,1897,152799.6
437,1898,290731.0
438,1899,174804.53
439,1900,124268.46
440,1901,182692.02
441,1902,131397.92
442,1903,111278.74
443,1904,221776.92
444,1905,191978.92
445,1906,129628.414
446,1907,162353.2
447,1908,232749.0
448,1909,312417.97
449,1910,236211.56
450,1911,242485.3
451,1912,144692.7
452,1913,215628.73
453,1914,231829.53
454,1915,178343.17
455,1916,140938.23
456,1917,119948.04
457,1918,230622.5
458,1919,137599.8
459,1920,109422.95
460,1921,264843.9
461,1922,117953.63
462,1923,244096.3
463,1924,110444.445
464,1925,139275.19
465,1926,117603.93
466,1927,215430.3
467,1928,170711.45
468,1929,163031.77
469,1930,234995.16
470,1931,122068.12
471,1932,299234.34
472,1933,192918.03
473,1934,257935.92
474,1935,147832.75
475,1936,151070.44
476,1937,122730.14
477,1938,208355.17
478,1939,175020.6
479,1940,132426.16
480,1941,110541.34
481,1942,134772.4
482,1943,163898.62
483,1944,162862.48
484,1945,131857.05
485,1946,166044.62
486,1947,119712.88
487,1948,134075.94
488,1949,137721.81
489,1950,90335.92
490,1951,182497.95
491,1952,151060.6
492,1953,172268.6
493,1954,127700.875
494,1955,299520.2
495,1956,106445.82
496,1957,242652.17
497,1958,203075.34
498,1959,155411.08
499,1960,270777.2
500,1961,165554.16
501,1962,220063.45
502,1963,150691.38
503,1964,237768.62
504,1965,181223.2
505,1966,169198.94
506,1967,198162.86
507,1968,118878.34
508,1969,319202.3
509,1970,170390.42
510,1971,244499.64
511,1972,150625.02
512,1973,189852.77
513,1974,114229.43
514,1975,303132.94
515,1976,315845.38
516,1977,213089.56
517,1978,134450.36
518,1979,151272.14
519,1980,174995.23
520,1981,148333.72
521,1982,134974.61
522,1983,157166.23
523,1984,185413.94
524,1985,172611.67
525,1986,90126.55
526,1987,221586.23
527,1988,184900.56
528,1989,131526.27
529,1990,139732.69
530,1991,258432.19
531,1992,265281.72
532,1993,249671.69
533,1994,280013.3
534,1995,165908.08
535,1996,142498.73
536,1997,96282.06
537,1998,160251.22
538,1999,147254.94
539,2000,179570.05
540,2001,122174.586
541,2002,189075.94
542,2003,122251.9
543,2004,306844.12
544,2005,92328.44
545,2006,145175.9
546,2007,151936.48
547,2008,131688.16
548,2009,173426.73
549,2010,182845.0
550,2011,137857.9
551,2012,145878.89
552,2013,220274.58
553,2014,170174.17
554,2015,187005.84
555,2016,175271.66
556,2017,113826.35
557,2018,198071.03
558,2019,120660.75
559,2020,174112.17
560,2021,234698.73
561,2022,136956.9
562,2023,147600.55
563,2024,110494.32
564,2025,133319.75
565,2026,143255.77
566,2027,139275.83
567,2028,179151.22
568,2029,284496.03
569,2030,209754.5
570,2031,198354.5
571,2032,230177.08
572,2033,162775.33
573,2034,221510.53
574,2035,172640.11
575,2036,105609.09
576,2037,121290.8
577,2038,180044.36
578,2039,98317.625
579,2040,122549.74
580,2041,145669.33
581,2042,157601.77
582,2043,312935.4
583,2044,150156.97
584,2045,337864.7
585,2046,208603.47
586,2047,204285.17
587,2048,204989.25
588,2049,122789.49
589,2050,94741.266
590,2051,202779.58
591,2052,164695.03
592,2053,173595.95
593,2054,182995.66
594,2055,161193.2
595,2056,266763.9
596,2057,143278.14
597,2058,236530.95
598,2059,165606.03
599,2060,122745.23
600,2061,134194.7
601,2062,295190.75
602,2063,129300.1
603,2064,191577.2
604,2065,154252.19
605,2066,97431.81
606,2067,209548.39
607,2068,227190.25
608,2069,228994.08
609,2070,136115.33
610,2071,115557.35
611,2072,156160.81
612,2073,98886.4
613,2074,232771.25
614,2075,186548.38
615,2076,130358.805
616,2077,131196.52
617,2078,178579.22
618,2079,166810.98
619,2080,193480.03
620,2081,219865.97
621,2082,165296.31
622,2083,228039.48
623,2084,90698.28
624,2085,153596.08
625,2086,211211.83
626,2087,261866.86
627,2088,146400.22
628,2089,149258.8
629,2090,194697.3
630,2091,165747.02
631,2092,149881.08
632,2093,286391.34
633,2094,133486.38
634,2095,112346.305
635,2096,189434.19
636,2097,296575.88
637,2098,256572.9
638,2099,232872.39
639,2100,183482.11
640,2101,162698.03
641,2102,232303.3
642,2103,140937.25
643,2104,104987.09
644,2105,146038.05
645,2106,112033.42
646,2107,193796.23
647,2108,245638.05
648,2109,148540.66
649,2110,140020.95
650,2111,143484.77
651,2112,177660.56
652,2113,181865.19
653,2114,184363.67
654,2115,183965.84
655,2116,154215.25
656,2117,128778.16
657,2118,206196.55
658,2119,104382.13
659,2120,184228.28
660,2121,182770.25
661,2122,170751.42
662,2123,219735.33
663,2124,215085.1
664,2125,176953.92
665,2126,161393.98
666,2127,156179.0
667,2128,107403.83
668,2129,165940.4
669,2130,200291.84
670,2131,112961.1
671,2132,186218.69
672,2133,118819.914
673,2134,209536.77
674,2135,144215.95
675,2136,169171.11
676,2137,107792.92
677,2138,172266.27
678,2139,185014.77
679,2140,90757.836
680,2141,136684.58
681,2142,126219.664
682,2143,192404.45
683,2144,129962.95
684,2145,234574.84
685,2146,146706.02
686,2147,227791.78
687,2148,176333.67
688,2149,92931.28
689,2150,212794.89
690,2151,147083.42
691,2152,240047.14
692,2153,204966.61
693,2154,150771.42
694,2155,161496.33
695,2156,149028.78
696,2157,211016.28
697,2158,154398.72
698,2159,132227.5
699,2160,134913.92
700,2161,159222.17
701,2162,116518.53
702,2163,156238.84
703,2164,117966.47
704,2165,126795.984
705,2166,154652.94
706,2167,149899.36
707,2168,149854.66
708,2169,181343.05
709,2170,196952.83
710,2171,140584.2
711,2172,187962.42
712,2173,164492.34
713,2174,213330.64
714,2175,162455.89
715,2176,168555.89
716,2177,196683.02
717,2178,131191.81
718,2179,175183.86
719,2180,169945.34
720,2181,156553.31
721,2182,233861.02
722,2183,173179.9
723,2184,155223.55
724,2185,132688.36
725,2186,230641.19
726,2187,132593.56
727,2188,245032.17
728,2189,126767.02
729,2190,131859.62
730,2191,222143.8
731,2192,110915.22
732,2193,188671.7
733,2194,121178.766
734,2195,125753.71
735,2196,91382.2
736,2197,295145.4
737,2198,327135.28
738,2199,145442.66
739,2200,144984.8
740,2201,166160.45
741,2202,195512.03
742,2203,188169.31
743,2204,136662.62
744,2205,119484.81
745,2206,245222.73
746,2207,154812.44
747,2208,150657.17
748,2209,223099.17
749,2210,157874.7
750,2211,129777.25
751,2212,178717.12
752,2213,134895.38
753,2214,163532.38
754,2215,116150.53
755,2216,168845.64
756,2217,104842.25
757,2218,131636.03
758,2219,119093.32
759,2220,146018.5
760,2221,196240.14
761,2222,239430.8
762,2223,115497.73
763,2224,131265.73
764,2225,257255.64
765,2226,198824.33
766,2227,149452.58
767,2228,187079.23
768,2229,149135.31
769,2230,95230.4
770,2231,129315.484
771,2232,185250.89
772,2233,91613.83
773,2234,58306.59
774,2235,127722.58
775,2236,252499.8
776,2237,173731.81
777,2238,192618.97
778,2239,184295.38
779,2240,199054.86
780,2241,201262.7
781,2242,170846.98
782,2243,286446.9
783,2244,168293.52
784,2245,225360.19
785,2246,207111.06
786,2247,209420.1
787,2248,122569.81
788,2249,265847.03
789,2250,211157.83
790,2251,100462.805
791,2252,176579.19
792,2253,236811.47
793,2254,253502.42
794,2255,164194.73
795,2256,209443.03
796,2257,173393.0
797,2258,138145.92
798,2259,155075.88
799,2260,285096.72
800,2261,213797.69
801,2262,184316.97
802,2263,135586.12
803,2264,124748.086
804,2265,138387.6
805,2266,172656.58
806,2267,136666.62
807,2268,134070.92
808,2269,130963.26
809,2270,196589.72
810,2271,167218.75
811,2272,267068.5
812,2273,149493.45
813,2274,238999.77
814,2275,210039.19
815,2276,188622.05
816,2277,158809.64
817,2278,124918.836
818,2279,184642.83
819,2280,123635.95
820,2281,195890.14
821,2282,154648.56
822,2283,165640.27
823,2284,189722.73
824,2285,108297.25
825,2286,139678.6
826,2287,298840.0
827,2288,190021.58
828,2289,221830.03
829,2290,127596.02
830,2291,118053.4
831,2292,195888.83
832,2293,196204.14
833,2294,291803.38
834,2295,177507.77
835,2296,167661.86
836,2297,302168.28
837,2298,121875.44
838,2299,140732.6
839,2300,176542.73
840,2301,93096.47
841,2302,198847.94
842,2303,87984.73
843,2304,80385.9
844,2305,218326.17
845,2306,142467.28
846,2307,200332.28
847,2308,156059.73
848,2309,173301.0
849,2310,97744.17
850,2311,254702.12
851,2312,169558.22
852,2313,84688.695
853,2314,125905.85
854,2315,196953.0
855,2316,229228.53
856,2317,184012.77
857,2318,158311.16
858,2319,214219.52
859,2320,172694.84
860,2321,210572.22
861,2322,89877.64
862,2323,220342.5
863,2324,125052.06
864,2325,142966.53
865,2326,286098.25
866,2327,122645.625
867,2328,111057.65
868,2329,298881.75
869,2330,214993.95
870,2331,118971.29
871,2332,92661.305
872,2333,301424.22
873,2334,229201.94
874,2335,159392.6
875,2336,168651.44
876,2337,199572.14
877,2338,239833.1
878,2339,130026.47
879,2340,147086.66
880,2341,89081.555
881,2342,197247.39
882,2343,193033.11
883,2344,162118.61
884,2345,152539.34
885,2346,231460.97
886,2347,172400.17
887,2348,222026.16
888,2349,324453.84
889,2350,199786.44
890,2351,190939.9
891,2352,133364.78
892,2353,153546.56
893,2354,249490.7
894,2355,191772.55
895,2356,170367.73
896,2357,173749.8
897,2358,125235.37
898,2359,134789.5
899,2360,148479.45
900,2361,117251.19
901,2362,165368.27
902,2363,191607.66
903,2364,164159.08
904,2365,158334.11
905,2366,141408.44
906,2367,175580.9
907,2368,133600.9
908,2369,177156.92
909,2370,121845.625
910,2371,196841.33
911,2372,162910.6
912,2373,176242.14
913,2374,158836.36
914,2375,101128.484
915,2376,169426.44
916,2377,173547.28
917,2378,86962.71
918,2379,152397.12
919,2380,159703.5
920,2381,149308.3
921,2382,121726.06
922,2383,182560.88
923,2384,163754.17
924,2385,119634.57
925,2386,165278.9
926,2387,92579.93
927,2388,119566.09
928,2389,118777.164
929,2390,146273.39
930,2391,117809.99
931,2392,276214.53
932,2393,184412.36
933,2394,174373.25
934,2395,279377.06
935,2396,180535.92
936,2397,198382.06
937,2398,117632.305
938,2399,131855.11
939,2400,121562.42
940,2401,293197.6
941,2402,204842.48
942,2403,138037.0
943,2404,135530.61
944,2405,123804.22
945,2406,120521.53
946,2407,242685.73
947,2408,97554.93
948,2409,172433.86
949,2410,117340.58
950,2411,207748.52
951,2412,210673.64
952,2413,129225.66
953,2414,156473.98
954,2415,121176.5
955,2416,203715.25
956,2417,174626.84
957,2418,115172.91
958,2419,111356.875
959,2420,194227.62
960,2421,134759.39
961,2422,118379.07
962,2423,197231.89
963,2424,122214.75
964,2425,166820.31
965,2426,154880.67
966,2427,121599.67
967,2428,125015.984
968,2429,176202.78
969,2430,187038.69
970,2431,127426.54
971,2432,200689.0
972,2433,199482.62
973,2434,175444.2
974,2435,204386.98
975,2436,217430.53
976,2437,191126.94
977,2438,152212.33
978,2439,216882.22
979,2440,138881.19
980,2441,127927.445
981,2442,201574.3
982,2443,204846.0
983,2444,245052.55
984,2445,180718.77
985,2446,187322.08
986,2447,162439.31
987,2448,157100.1
988,2449,149168.12
989,2450,175294.75
990,2451,241791.47
991,2452,137563.7
992,2453,99161.336
993,2454,134870.56
994,2455,196380.75
995,2456,156330.98
996,2457,122582.65
997,2458,228508.61
998,2459,184641.75
999,2460,190561.84
1000,2461,147656.5
1001,2462,132937.33
1002,2463,199470.3
1003,2464,146104.55
1004,2465,169945.22
1005,2466,245632.62
1006,2467,147577.88
1007,2468,178939.05
1008,2469,151549.28
1009,2470,97408.2
1010,2471,178895.2
1011,2472,126090.766
1012,2473,193450.44
1013,2474,148873.25
1014,2475,255153.19
1015,2476,114089.77
1016,2477,215784.39
1017,2478,130848.98
1018,2479,254126.38
1019,2480,193080.98
1020,2481,120175.66
1021,2482,136066.33
1022,2483,124257.086
1023,2484,115095.99
1024,2485,214584.4
1025,2486,107858.74
1026,2487,140113.19
1027,2488,151956.81
1028,2489,141466.39
1029,2490,201270.0
1030,2491,148750.78
1031,2492,242271.52
1032,2493,142824.27
1033,2494,139115.33
1034,2495,138877.98
1035,2496,116889.79
1036,2497,138610.25
1037,2498,132093.0
1038,2499,186122.94
1039,2500,212540.8
1040,2501,147225.27
1041,2502,235763.66
1042,2503,194287.61
1043,2504,246680.52
1044,2505,185001.4
1045,2506,201092.0
1046,2507,201097.66
1047,2508,191150.45
1048,2509,167213.95
1049,2510,133213.67
1050,2511,124174.625
1051,2512,237037.6
1052,2513,211864.27
1053,2514,132460.86
1054,2515,266202.2
1055,2516,192609.72
1056,2517,124471.81
1057,2518,271774.9
1058,2519,213667.45
1059,2520,145350.06
1060,2521,122642.13
1061,2522,156982.39
1062,2523,143918.06
1063,2524,167862.34
1064,2525,167932.8
1065,2526,131642.7
1066,2527,169363.92
1067,2528,132059.83
1068,2529,166076.17
1069,2530,164076.11
1070,2531,145053.44
1071,2532,172603.28
1072,2533,198888.6
1073,2534,220796.33
1074,2535,102480.695
1075,2536,208817.89
1076,2537,176700.61
1077,2538,143505.5
1078,2539,165210.95
1079,2540,123692.98
1080,2541,170569.0
1081,2542,236617.95
1082,2543,293308.62
1083,2544,179465.47
1084,2545,119996.695
1085,2546,117356.22
1086,2547,174856.02
1087,2548,123331.07
1088,2549,133905.8
1089,2550,151823.56
1090,2551,142278.78
1091,2552,227285.95
1092,2553,141185.64
1093,2554,298676.44
1094,2555,217272.28
1095,2556,174871.73
1096,2557,303909.47
1097,2558,200142.08
1098,2559,156436.72
1099,2560,139520.0
1100,2561,172772.5
1101,2562,283342.38
1102,2563,201561.61
1103,2564,276174.4
1104,2565,293457.78
1105,2566,125638.69
1106,2567,188549.19
1107,2568,265280.72
1108,2569,230501.22
1109,2570,267284.53
1110,2571,119470.82
1111,2572,155863.7
1112,2573,67848.375
1113,2574,204637.05
1114,2575,263957.8
1115,2576,224298.6
1116,2577,180716.61
1117,2578,255694.4
1118,2579,135939.9
1119,2580,119343.55
1120,2581,125561.6
1121,2582,119887.74
1122,2583,177274.69
1123,2584,149051.62
1124,2585,194804.98
1125,2586,133553.47
1126,2587,122617.45
1127,2588,154647.5
1128,2589,225375.94
1129,2590,161559.55
1130,2591,188859.47
1131,2592,104155.055
1132,2593,277118.25
1133,2594,239740.58
1134,2595,169582.81
1135,2596,230059.48
1136,2597,183799.11
1137,2598,119670.25
1138,2599,159632.11
1139,2600,150950.23
1140,2601,307132.34
1141,2602,170704.03
1142,2603,257574.06
1143,2604,141364.88
1144,2605,177197.89
1145,2606,148278.4
1146,2607,194809.38
1147,2608,190450.33
1148,2609,134168.88
1149,2610,169918.86
1150,2611,257285.44
1151,2612,118837.73
1152,2613,163609.06
1153,2614,255507.16
1154,2615,248057.81
1155,2616,248034.97
1156,2617,99874.97
1157,2618,137499.92
1158,2619,94306.734
1159,2620,78778.18
1160,2621,217862.34
1161,2622,140493.83
1162,2623,114245.27
1163,2624,130399.77
1164,2625,137714.86
1165,2626,148492.02
1166,2627,235556.45
1167,2628,133372.14
1168,2629,137683.84
1169,2630,260272.33
1170,2631,293009.72
1171,2632,135306.66
1172,2633,130931.46
1173,2634,159050.97
1174,2635,119417.22
1175,2636,185411.67
1176,2637,203510.27
1177,2638,240549.02
1178,2639,129986.695
1179,2640,240755.72
1180,2641,139829.48
1181,2642,125666.85
1182,2643,197811.4
1183,2644,146913.2
1184,2645,90808.44
1185,2646,267024.8
1186,2647,193401.11
1187,2648,209428.6
1188,2649,121015.24
1189,2650,221484.3
1190,2651,178654.62
1191,2652,141201.94
1192,2653,167467.52
1193,2654,144095.17
1194,2655,154428.55
1195,2656,233734.88
1196,2657,125675.77
1197,2658,124202.75
1198,2659,193814.1
1199,2660,143350.03
1200,2661,112284.375
1201,2662,195649.53
1202,2663,180934.34
1203,2664,122209.13
1204,2665,132989.88
1205,2666,183802.92
1206,2667,211716.17
1207,2668,173432.88
1208,2669,307058.12
1209,2670,105256.766
1210,2671,202733.42
1211,2672,142194.31
1212,2673,227351.06
1213,2674,126236.33
1214,2675,256724.39
1215,2676,175244.48
1216,2677,171523.2
1217,2678,208618.62
1218,2679,133054.42
1219,2680,148839.22
1220,2681,122266.85
1221,2682,122266.85
1222,2683,122266.85
1223,2684,122266.85
1224,2685,122266.85
1225,2686,122266.85
1226,2687,122266.85
1227,2688,122266.85
1228,2689,122266.85
1229,2690,122266.85
1230,2691,122266.85
1231,2692,122266.85
1232,2693,122266.85
1233,2694,122266.85
1234,2695,122266.85
1235,2696,122266.85
1236,2697,122266.85
1237,2698,122266.85
1238,2699,122266.85
1239,2700,122266.85
1240,2701,122266.85
1241,2702,122266.85
1242,2703,122266.85
1243,2704,122266.85
1244,2705,122266.85
1245,2706,122266.85
1246,2707,122266.85
1247,2708,122266.85
1248,2709,122266.85
1249,2710,122266.85
1250,2711,122266.85
1251,2712,122266.85
1252,2713,122266.85
1253,2714,122266.85
1254,2715,122266.85
1255,2716,122266.85
1256,2717,122266.85
1257,2718,122266.85
1258,2719,122266.85
1259,2720,122266.85
1260,2721,122266.85
1261,2722,122266.85
1262,2723,122266.85
1263,2724,122266.85
1264,2725,122266.85
1265,2726,122266.85
1266,2727,122266.85
1267,2728,122266.85
1268,2729,122266.85
1269,2730,122266.85
1270,2731,122266.85
1271,2732,122266.85
1272,2733,122266.85
1273,2734,122266.85
1274,2735,122266.85
1275,2736,122266.85
1276,2737,122266.85
1277,2738,122266.85
1278,2739,122266.85
1279,2740,122266.85
1280,2741,122266.85
1281,2742,122266.85
1282,2743,122266.85
1283,2744,122266.85
1284,2745,122266.85
1285,2746,122266.85
1286,2747,122266.85
1287,2748,122266.85
1288,2749,122266.85
1289,2750,122266.85
1290,2751,122266.85
1291,2752,122266.85
1292,2753,122266.85
1293,2754,122266.85
1294,2755,122266.85
1295,2756,122266.85
1296,2757,122266.85
1297,2758,122266.85
1298,2759,122266.85
1299,2760,122266.85
1300,2761,122266.85
1301,2762,122266.85
1302,2763,122266.85
1303,2764,122266.85
1304,2765,122266.85
1305,2766,122266.85
1306,2767,122266.85
1307,2768,122266.85
1308,2769,122266.85
1309,2770,122266.85
1310,2771,122266.85
1311,2772,122266.85
1312,2773,122266.85
1313,2774,122266.85
1314,2775,122266.85
1315,2776,122266.85
1316,2777,122266.85
1317,2778,122266.85
1318,2779,122266.85
1319,2780,122266.85
1320,2781,122266.85
1321,2782,122266.85
1322,2783,122266.85
1323,2784,122266.85
1324,2785,122266.85
1325,2786,122266.85
1326,2787,122266.85
1327,2788,122266.85
1328,2789,122266.85
1329,2790,122266.85
1330,2791,122266.85
1331,2792,122266.85
1332,2793,122266.85
1333,2794,122266.85
1334,2795,122266.85
1335,2796,122266.85
1336,2797,122266.85
1337,2798,122266.85
1338,2799,122266.85
1339,2800,122266.85
1340,2801,122266.85
1341,2802,122266.85
1342,2803,122266.85
1343,2804,122266.85
1344,2805,122266.85
1345,2806,122266.85
1346,2807,122266.85
1347,2808,122266.85
1348,2809,122266.85
1349,2810,122266.85
1350,2811,122266.85
1351,2812,122266.85
1352,2813,122266.85
1353,2814,122266.85
1354,2815,122266.85
1355,2816,122266.85
1356,2817,122266.85
1357,2818,122266.85
1358,2819,122266.85
1359,2820,122266.85
1360,2821,122266.85
1361,2822,122266.85
1362,2823,122266.85
1363,2824,122266.85
1364,2825,122266.85
1365,2826,122266.85
1366,2827,122266.85
1367,2828,122266.85
1368,2829,122266.85
1369,2830,122266.85
1370,2831,122266.85
1371,2832,122266.85
1372,2833,122266.85
1373,2834,122266.85
1374,2835,122266.85
1375,2836,122266.85
1376,2837,122266.85
1377,2838,122266.85
1378,2839,122266.85
1379,2840,122266.85
1380,2841,122266.85
1381,2842,122266.85
1382,2843,122266.85
1383,2844,122266.85
1384,2845,122266.85
1385,2846,122266.85
1386,2847,122266.85
1387,2848,122266.85
1388,2849,122266.85
1389,2850,122266.85
1390,2851,122266.85
1391,2852,122266.85
1392,2853,122266.85
1393,2854,122266.85
1394,2855,122266.85
1395,2856,122266.85
1396,2857,122266.85
1397,2858,122266.85
1398,2859,122266.85
1399,2860,122266.85
1400,2861,122266.85
1401,2862,122266.85
1402,2863,122266.85
1403,2864,122266.85
1404,2865,122266.85
1405,2866,122266.85
1406,2867,122266.85
1407,2868,122266.85
1408,2869,122266.85
1409,2870,122266.85
1410,2871,122266.85
1411,2872,122266.85
1412,2873,122266.85
1413,2874,122266.85
1414,2875,122266.85
1415,2876,122266.85
1416,2877,122266.85
1417,2878,122266.85
1418,2879,122266.85
1419,2880,122266.85
1420,2881,122266.85
1421,2882,122266.85
1422,2883,122266.85
1423,2884,122266.85
1424,2885,122266.85
1425,2886,122266.85
1426,2887,122266.85
1427,2888,122266.85
1428,2889,122266.85
1429,2890,122266.85
1430,2891,122266.85
1431,2892,122266.85
1432,2893,122266.85
1433,2894,122266.85
1434,2895,122266.85
1435,2896,122266.85
1436,2897,122266.85
1437,2898,122266.85
1438,2899,122266.85
1439,2900,122266.85
1440,2901,122266.85
1441,2902,122266.85
1442,2903,122266.85
1443,2904,122266.85
1444,2905,122266.85
1445,2906,122266.85
1446,2907,122266.85
1447,2908,122266.85
1448,2909,122266.85
1449,2910,122266.85
1450,2911,122266.85
1451,2912,122266.85
1452,2913,122266.85
1453,2914,122266.85
1454,2915,122266.85
1455,2916,122266.85
1456,2917,122266.85
1457,2918,122266.85
1458,2919,122266.85
